avg_pause_duration,pause_frequency,speech_rate,articulation_rate,mean_pitch,pitch_std,pitch_range,pitch_median,rms_mean,rms_std,rms_max,spectral_centroid,spectral_bandwidth,spectral_rolloff,spectral_flatness,zcr,mfcc_1,mfcc_2,mfcc_3,mfcc_4,mfcc_5,mfcc_6,mfcc_7,mfcc_8,mfcc_9,mfcc_10,mfcc_11,mfcc_12,mfcc_13,file_name,word_count,load_level
0.264822055,1.076323001,173.9920641,246.2884897,346.3537653,146.3460797,1869.540617,318.3992322,0.057961002,0.039317705,0.311174542,1554.282843,1531.666522,3097.875081,0.035311569,0.090818332,-271.8926086,84.22425842,-8.926439285,27.760952,-12.68442535,2.190535069,-12.40997696,-3.97837925,-8.283391953,-4.961746216,1.873648524,-4.11312294,6.336311817,lecture_001.wav,1075,2
0.532094053,1.021140287,146.5188014,323.3467983,171.8841928,46.53866445,564.0778189,163.8645209,0.055325855,0.054630332,0.474461019,1525.75725,1584.247816,3030.831253,0.030972289,0.100178996,-253.3863983,105.0774612,-5.939173698,12.5714798,2.28785181,-4.907575607,-17.91193199,-13.77342415,-16.57495689,-5.211369991,-8.098980904,-4.617402554,-6.002914429,lecture_002.wav,1729,2
0.240493648,0.741665579,137.2148624,167.9561871,200.5096497,53.89666168,332.6025608,188.2309057,0.04006388,0.022856079,0.138990417,2535.055745,1888.718336,4569.918123,0.143984422,0.184782728,-314.7734985,35.35439682,34.09928894,12.9107008,10.03831291,-8.508923531,-2.17748189,-16.04555702,-8.835083008,-7.105523586,-12.00612736,-5.369439125,-6.780590534,lecture_003.wav,1699,2
0.305066667,0.559727926,166.2391939,202.3528343,136.584824,19.80088868,156.7709902,135.4258855,0.059603654,0.034892328,0.167661354,1630.913894,1510.183738,2979.33069,0.086965598,0.121887972,-282.933197,85.8584671,11.61857033,31.55276299,17.12561417,0.981199086,-7.53788662,-6.916214943,-4.434175014,-1.429000974,-7.046843529,4.324466705,-7.33425951,lecture_005.wav,297,1
0.27356341,1.421887722,180.559048,297.0354809,220.8602684,68.95567105,411.6534316,216.2205317,0.092205249,0.080177307,0.536243498,1726.995238,1609.192374,3231.591261,0.030319864,0.117096698,-234.4552155,77.69150543,0.18071948,22.06062889,5.960639477,-1.860906363,-7.510721207,-6.569482803,-13.0201416,4.734427452,-9.327515602,-6.426290512,-1.960503697,lecture_004.wav,1018,2
0.273135484,1.268464124,171.6927568,266.0455837,359.9055497,151.919702,2003.557924,327.7290419,0.057254706,0.042961314,0.354307413,1613.279005,1573.591976,3232.69875,0.036407355,0.094250897,-276.5132751,78.98054504,-6.231232643,27.74554253,-12.8761816,0.728202283,-11.72974586,-4.291255474,-7.031383514,-3.529930353,2.167459965,-3.229616404,6.328892231,lecture_006.wav,1049,2
0.723848975,0.7725,111.95,254.1853354,314.2035889,82.33760545,578.7913149,312.929324,0.039828327,0.045884375,0.309174299,1447.966232,1478.829585,2906.779569,0.025419893,0.102533581,-350.9891052,79.83483124,5.772042274,15.82334518,-8.150040627,-15.67937183,-10.44034195,-15.7328434,-11.89435577,-9.147070885,-9.983538628,-5.061575413,-10.76889038,lecture_007.wav,2239,2
0.457890909,1.347126411,126.1890049,336.210497,335.470725,126.010573,1634.641548,314.7421051,0.040846415,0.043177143,0.443204463,1307.449888,1364.668396,2573.388024,0.035166372,0.089072675,-327.0630188,104.2362595,-6.110406399,14.64128971,-9.497653961,-15.46967888,-2.792776108,-4.471090317,-6.392266273,-5.483952522,-5.536147594,-5.395220757,-1.524792433,lecture_008.wav,1288,2
0.266916129,1.325893361,202.0918106,313.3122911,244.4532419,89.21242621,1991.641566,230.404707,0.079135321,0.06506785,0.449647486,1764.877539,1605.46746,3323.663006,0.032035422,0.124085822,-237.8430176,77.82201385,-11.05294991,19.4640255,0.472537637,-3.610911608,-12.9981699,-9.223209381,-18.35953903,2.177842379,-10.2274456,-10.85135841,-3.218334436,lecture_009.wav,3150,2
0.235054545,1.363846764,199.0389702,293.2960894,242.6963,86.33665479,1979.793842,229.0776736,0.073480971,0.056780428,0.39911294,1650.285519,1556.623621,3100.03003,0.026520766,0.113749256,-247.8887024,87.98872375,-8.744786263,20.16464424,2.142666578,-2.610906363,-10.77914238,-10.0196209,-18.81337929,2.37953949,-12.3106966,-7.895031452,-2.83924365,lecture_010.wav,1204,2
0.455473383,1.455833333,121.1,359.7314639,174.537453,66.97235041,387.4865928,181.81907,0.03457113,0.041982733,0.377546459,1736.693784,1692.321623,3367.834774,0.040155359,0.134222254,-332.8058777,92.90732574,17.79821396,8.958473206,-1.023118138,-14.19697094,-3.688466311,-9.393082619,-4.814362049,0.491443366,-5.66960907,0.018946145,-0.808695257,lecture_011.wav,2422,2
0.295487465,1.526544101,177.9550714,328.4723094,349.3736997,139.2829091,1873.116252,322.0988531,0.05580603,0.042417981,0.482415497,1565.104765,1556.150014,3150.179221,0.030483155,0.086768565,-278.8954163,78.57402802,-6.047787189,26.65472794,-10.58168411,-1.079311013,-9.914754868,-3.160866499,-7.146117687,-3.196318626,2.251275301,-3.077315092,6.264018059,lecture_012.wav,1395,2
0.29979798,1.65,127.3,251.9395187,173.3797479,50.55021322,326.5890447,175.625645,0.052417379,0.053557251,0.363813639,1504.89086,1558.411345,2832.642171,0.031700276,0.115894214,-273.54953,119.8380814,10.48568344,7.862556934,-3.19726038,-11.10531712,-3.880581856,-6.512268543,-5.112310886,-2.394434452,-7.256502151,-3.887993336,-2.292317867,lecture_013.wav,2546,2
0.564985237,1.0725,95.1,241.4032356,622.5308339,725.4790842,2027.598131,272.4207993,0.062403422,0.076276116,0.522691607,1564.39921,1477.224512,2954.801205,0.019882018,0.122309069,-297.9966736,66.81409454,1.22659564,21.78124237,8.972723961,7.103742123,-8.000496864,-5.615183353,-5.085217953,6.030855656,2.025535822,-7.278707504,3.163521051,lecture_014.wav,1902,2
0.741514739,1.1025,114.0,627.1086988,155.7319964,41.37438816,254.8373089,161.9823764,0.021115331,0.024506886,0.363813639,1476.830554,1549.552561,2804.133556,0.031403746,0.11240906,-340.0622253,110.5998306,16.16625977,5.58804369,0.136072069,-9.087150574,-4.181611061,-3.539874792,-5.582609653,-1.972758055,-6.313867569,-4.489966869,-1.559238315,lecture_015.wav,2280,2
0.262917031,1.558031132,190.7737683,323.9571138,329.9197247,93.44111096,1979.781276,312.929324,0.051448062,0.036519591,0.405334204,1549.391933,1542.907146,3115.160032,0.018328965,0.086103036,-283.3970337,81.70549011,-7.15460968,28.35635757,-10.35176659,-2.240600586,-10.01104641,-5.359416485,-7.9855299,-4.369446754,0.761291623,-3.913267374,7.000143528,lecture_016.wav,2804,2
0.252720627,1.276666667,117.2,173.5644894,196.656381,54.45111785,649.3757175,186.0688893,0.042982198,0.035218548,0.196614593,1705.889869,1519.771093,3253.504282,0.02900028,0.123435133,-352.8998718,83.48365021,12.64374733,27.07958031,-22.13963318,-9.535707474,-10.6384201,-19.65781212,-8.042873383,-11.58666611,-4.448171616,-5.262973785,-7.334543705,lecture_017.wav,2344,2
0.236780586,1.410686072,195.8129261,294.663095,239.2671446,60.18880524,431.3379468,225.1422562,0.07724829,0.060712647,0.426235944,1729.841179,1600.416347,3256.76306,0.030518796,0.121275699,-236.7680359,78.71845245,-7.206933498,21.27918816,2.064481974,-6.113244534,-16.12674141,-10.37064648,-19.68215179,-0.423077136,-12.90814018,-9.519968033,-0.24004364,lecture_018.wav,2288,2
0.352740741,0.693506046,198.8050666,265.6507414,217.9377047,239.6927931,2027.598131,171.6143497,0.077624217,0.054264024,0.223756626,1890.147523,1542.399711,3498.14118,0.036898185,0.143689775,-236.4004974,77.7559433,-5.386704922,49.74555588,-3.324754,-3.890103817,-17.18904305,-9.738045692,-2.123507261,-2.227954626,-3.658100843,0.089498132,-1.268884778,lecture_019.wav,1032,2
0.315451859,1.841936426,146.7168515,350.4195353,205.6851785,48.9969235,362.0676628,202.9095626,0.063892305,0.058220815,0.645087838,1654.108181,1617.314087,3090.133458,0.034366097,0.13624818,-250.4652405,106.7584229,15.47417545,-1.738830447,-5.950195789,-10.25550842,-5.566755295,-9.597733498,-1.580131888,-0.219724596,-6.86130619,-4.709126472,-5.126935005,lecture_020.wav,2606,2
0.186095941,1.500393135,205.8749769,286.373298,227.9862063,53.67370271,413.2737275,218.7328932,0.083988681,0.05921267,0.447883755,1557.627228,1524.378907,2964.502572,0.022067586,0.101143726,-216.8248749,95.45232391,-7.904820442,22.04379272,-1.201369405,-2.540072441,-15.39626503,-11.01769447,-20.20756149,-1.769283652,-9.297486305,-10.44461536,-2.389364719,lecture_021.wav,2479,2
0.289438202,1.099042313,170.5059184,250.444388,182.8154535,54.30023425,501.9165444,178.6955272,0.194657639,0.16124846,0.847163379,1641.092549,1671.569931,3191.945928,0.039644424,0.118323704,-136.1829529,96.22545624,-1.202023983,13.38717461,9.366563797,-6.074253559,-12.00529003,-7.762509346,-14.33408546,-5.568678856,-9.432013512,-2.653470755,-7.386610031,lecture_022.wav,1841,2
0.452210526,0.617614247,139.4507957,195.8188789,193.7312669,56.28558625,300.338283,204.0850057,0.084308147,0.063030452,0.274580091,1390.714006,1501.378128,2785.105968,0.03375791,0.073675362,-320.0050354,97.92967224,11.99491882,32.11657715,18.00267029,-9.430409431,-4.014923573,-18.72198486,-8.515156746,-6.556870461,-15.46198654,6.350954533,-3.672272205,lecture_023.wav,572,2
0.253930348,1.153218694,173.1549263,246.2467363,214.3260355,77.45223114,854.9886889,201.7408895,0.045145828,0.036588177,0.202747971,1392.169028,1293.12777,2572.197855,0.057633638,0.105908849,-341.1299438,102.7975922,-0.504900813,14.81317997,-0.829364955,-20.53373528,-11.12327003,-14.53881454,-9.074419022,-3.643153667,-5.406196117,-0.001541017,-6.008914948,lecture_024.wav,1006,2
0.214518519,0.430947817,193.5540936,213.5778696,190.4361232,86.10000652,1331.506534,180.7718692,0.097812288,0.046509448,0.219640419,1818.854932,1847.681532,3766.841519,0.0261881,0.11119601,-205.8734131,74.81060028,19.18642807,42.23871613,18.64009476,1.921151519,-2.364885569,-4.340577126,-0.899737895,-2.202841759,-10.73347855,5.789822578,-5.421805859,lecture_025.wav,1819,2
0.168993103,1.298630784,167.1203478,218.7060478,259.2071838,83.70779055,597.6677485,242.6993409,0.163720578,0.119054735,0.64140898,1576.465339,1436.647713,2939.991851,0.064695135,0.107877098,-183.609024,81.14226532,-13.65034389,28.08554077,-0.803255498,-13.62392235,-14.39766884,-13.6937027,-9.504361153,-5.174971581,-5.635607719,-1.490430832,-9.85797596,lecture_026.wav,1244,2
0.230659898,1.323776273,132.6464144,191.1309063,309.1636766,82.27500341,601.5088979,312.929324,0.013616267,0.010068462,0.069153279,1961.080288,1842.511155,3754.099421,0.041830346,0.147825285,-390.2989807,84.5619278,13.45843983,27.93331528,-0.666691899,-14.16350842,-4.123663902,-5.238349915,0.511213183,-7.046042919,-1.420330644,-7.18121624,2.418962002,lecture_027.wav,658,2
0.22805168,0.815356298,143.2246025,176.5017448,166.2179752,55.67745577,317.6358565,163.8645209,0.060514294,0.039452262,0.210373402,1892.631793,1662.078439,3536.375817,0.040641606,0.133007115,-260.5648804,82.87340546,8.022089958,26.69508934,-0.33657375,-5.750822544,2.672567606,-15.34032345,0.535334289,-1.965068936,-6.570069313,2.82917738,-8.173947334,lecture_028.wav,1133,2
0.404394486,0.962223849,117.4872259,193.2397959,348.9764231,100.9288477,1842.8329,337.3322358,0.037291866,0.033464994,0.20263052,1935.768689,1801.88857,3711.143616,0.060350716,0.147848839,-349.502533,65.81822968,11.63140678,7.512434483,-1.624492645,-26.21836662,-11.06726551,-18.85241318,-15.0737772,-9.817775726,-6.751657009,-8.863497734,-11.4341917,lecture_029.wav,1919,2
0.304146789,0.542091173,123.3879082,151.7988253,205.3774552,62.67922958,302.4570203,202.9095626,0.053246316,0.031831302,0.12732479,1948.268976,1663.292234,3571.76833,0.117294729,0.127590828,-291.8898315,79.31356049,7.417058468,11.13883877,2.307175636,11.50657463,-22.82278442,-7.491743088,-16.00930595,-8.240574837,-10.41230011,5.465579033,-6.087759495,lecture_030.wav,827,1
0.265281654,1.29,162.7,247.3546582,235.0785102,168.5018186,1323.460908,190.4180434,0.160177886,0.139164776,0.749484479,1618.355179,1479.843978,3150.371823,0.026223192,0.134464526,-208.1599426,91.66382599,-7.013095379,16.796978,-17.57294464,-17.44015884,-10.10387516,-15.41615868,1.762909293,-2.306244135,-4.075136185,-2.775340796,-5.095301151,lecture_031.wav,3254,2
0.247657143,1.188390066,151.0104233,216.1288755,202.9671553,127.7775382,2003.557924,175.625645,0.077033199,0.056574907,0.378566384,1507.436708,1301.39278,2702.870348,0.016346363,0.108813042,-286.03125,89.70572662,6.69560194,32.49713898,2.311822891,12.07489777,-22.53066826,10.01903915,-11.68806458,-14.77623749,-5.331532478,-7.306907177,-4.8328228,lecture_032.wav,1186,2
0.330248366,0.875665043,122.9365041,174.0342235,283.2836654,119.3346406,661.4909933,311.1269837,0.07205911,0.051131707,0.235171646,1421.136907,1534.177203,2759.118041,0.015026808,0.087253369,-263.025116,104.5796432,-11.78607845,12.02897835,-1.984148026,-18.97669411,-8.949131966,-16.98390579,-22.72169495,-20.86350632,-21.43764877,-9.209105492,-2.127807856,lecture_033.wav,716,2
0.196915589,1.095833333,170.2,217.0475413,209.5068946,51.89618124,1043.324133,207.6523488,0.105705008,0.070966974,0.387861848,1664.529813,1565.53025,3157.120393,0.019610751,0.126247519,-228.1430969,95.82345581,8.766494751,19.19069099,-14.33374596,-12.52848434,-4.025794983,-15.20443821,1.831920743,-5.251676083,-3.466273785,-1.876086235,-4.448457718,lecture_034.wav,3404,2
0.245100437,1.762314558,134.8286072,240.2720889,221.928041,96.71736572,809.5251816,200.5789475,0.050741568,0.049344894,0.301743299,1615.179278,1435.128286,2998.873302,0.040167868,0.141020659,-311.4068604,92.81090546,-1.775931478,18.94255829,-7.345967293,-14.43045807,-10.27546024,-10.66724491,-7.048126221,-1.317234159,-6.244790554,-0.458525956,-3.054403305,lecture_035.wav,876,2
0.340192813,1.545746467,127.0465413,270.1036866,238.04726,98.67013047,433.8366621,258.6205394,0.012686466,0.013567924,0.111023098,2119.522383,1762.637644,4054.907976,0.05372297,0.152940766,-458.2272339,52.98844147,3.755857706,6.199337482,-17.18718529,-14.30986118,-14.82494926,-13.88206577,-12.99002934,-5.87694788,-7.178242207,-9.936160088,-2.938854694,lecture_036.wav,1563,2
0.392149068,0.682181349,159.1474004,220.0918807,200.1692125,54.25278271,691.4999781,195.997718,0.096670501,0.073644646,0.368465841,1060.830843,1180.116215,2142.577066,0.005359608,0.078469365,-240.6204071,137.2698212,-11.37482071,22.74342918,19.72098732,-30.98325157,-6.470085621,-5.806042194,-28.04609489,0.963637352,-9.957857132,-10.67307186,-1.146461844,lecture_037.wav,626,2
0.277583138,1.318753184,149.7263568,237.4236013,218.123406,86.22819561,482.5914425,207.6523488,0.04837979,0.042432729,0.236373186,1363.760905,1376.338295,2591.87466,0.058882587,0.092055516,-348.9463806,89.13860321,20.5335865,24.82746887,2.406005621,-2.848485947,-5.237667084,-4.316740036,-7.376036167,-5.364277363,-2.05183816,-4.612043858,-5.165030956,lecture_038.wav,808,2
0.329770992,1.040783855,126.9200159,193.6082024,401.1915112,130.7323615,1049.746943,391.995436,0.033541437,0.027959589,0.12794961,1444.465579,1499.564894,2911.098179,0.020777533,0.101505274,-357.4256287,96.04426575,-3.731473684,12.0443325,-19.0564537,-4.012733936,-7.319456577,-14.04488659,-8.331994057,-2.931806326,-14.73680687,-6.778718948,-7.680251122,lecture_039.wav,1065,2
0.351825613,1.22200186,109.081147,192.7603088,183.2761642,47.18980981,308.8871595,183.9317058,0.091274418,0.084029317,0.594321072,1726.816876,1615.312445,3317.862874,0.108357169,0.125131772,-224.6289215,71.3787384,11.35004616,39.34759903,10.29284954,-9.659022331,-4.870594501,-10.6661005,-8.607123375,-4.03621769,-6.047073841,-1.490070343,-5.749226093,lecture_040.wav,546,2
0.200915187,1.69,173.2,263.0300085,174.950814,57.44284881,377.1425027,167.6946726,0.064325444,0.04824546,0.377740383,1786.723259,1739.760707,3514.786481,0.041288864,0.134192138,-248.5392914,82.38452911,17.92794037,33.15565109,8.437391281,0.659340322,6.659491062,-11.97412872,-10.63710403,-5.739066601,-11.77932072,-1.305498481,-8.375432014,lecture_041.wav,3464,2
0.350508159,1.193718163,114.6971158,198.2951047,352.4566838,113.8532871,866.9211317,361.5437384,0.033886667,0.032066524,0.212338522,1594.285112,1526.956182,3102.99478,0.016454885,0.112866009,-355.8348389,79.08164215,-1.202634096,12.90291691,-12.39739895,-2.680820942,-11.31273556,-1.829393148,-1.678325176,-5.206218243,-5.614526272,-6.652966499,-6.188788414,lecture_042.wav,687,2
0.381662469,0.754550676,131.485682,185.1078859,358.1188307,76.11984899,700.6781044,353.286068,0.076711632,0.052936457,0.255498201,1632.603685,1727.780459,3238.819601,0.027926546,0.107341871,-224.1933899,93.28717804,-3.3218925,3.83834815,-11.81033611,-16.85997391,-9.101606369,-14.86872482,-19.24332809,-8.205408096,-12.72648621,-7.331375122,-4.995816708,lecture_043.wav,1153,2
0.28090566,1.63636118,122.5727148,229.9227799,339.5401417,137.0037201,2027.598131,312.929324,0.035401244,0.037931293,0.2139173,1996.745167,1638.074219,3706.001461,0.050808307,0.176562958,-385.2229614,71.79637146,8.37650013,9.344708443,-15.93307972,-0.405398071,-10.61494541,-17.47514534,-10.21468163,-9.427064896,-6.812915325,-4.294991016,-5.17540884,lecture_044.wav,794,2
0.122790698,0.431241977,181.9239409,192.9458816,197.4580941,61.40384431,1043.324133,189.3213162,0.097266406,0.042778146,0.240111306,2082.889403,1509.725173,3596.432439,0.038931552,0.179822614,-154.356369,79.16713715,-32.66030121,32.86154175,-0.798072994,-9.437966347,-4.020863056,-22.44406128,-14.41078377,2.985650778,-8.69690609,1.538132787,-6.584292889,lecture_045.wav,907,2
0.322766102,1.103643268,154.0985295,239.9342933,321.7462204,91.25741903,1502.575353,325.8414615,0.043581542,0.03832658,0.2146779,1604.943476,1623.296454,3152.530452,0.024334984,0.11532001,-315.6906738,99.37490845,0.614302576,6.373099804,-9.12814045,-14.41918278,-7.651953697,0.26467517,-8.345786095,-4.012447357,-2.478669882,-6.994484425,3.366399288,lecture_046.wav,2746,2
0.189976068,0.808376019,174.8579512,207.9170829,309.7710946,97.45937667,1654.395153,300.5288565,0.186729372,0.106391273,0.590144992,1759.78692,1609.838568,3245.109372,0.033656381,0.131943634,-141.8908844,86.98207855,-0.293398976,-2.724631071,-27.99338913,-13.70513725,-22.4215374,-3.692988873,-6.722174168,1.291250587,-3.684174538,-8.819252968,-1.52887702,lecture_047.wav,2109,2
0.290961194,1.46603443,130.7615187,231.527399,347.0151887,202.3764506,2015.543312,302.2698024,0.036652211,0.033995006,0.259205997,2121.279836,1689.621404,3762.50919,0.041358776,0.185650808,-372.4598999,55.97611618,17.10076332,18.6502552,6.774156094,-26.18150902,-21.94392776,-14.60443401,-9.917029381,-12.48633862,-3.297923088,-0.788617611,0.323912024,lecture_048.wav,996,2
0.353158371,0.825316683,127.4946224,180.9489484,259.7103003,46.4008252,361.0306333,251.2581146,0.048011906,0.038037378,0.176267639,1738.447702,1374.080482,3073.032732,0.17804879,0.137568473,-333.5091858,59.9037056,-5.596439362,9.507293701,-11.62705898,-14.22775173,-16.00964355,-10.70418262,-12.35550785,-4.167332172,-13.22343349,-4.608437061,-7.913484573,lecture_049.wav,569,2
0.289105832,1.241539623,138.5268616,217.6000809,361.1426731,144.2154556,1634.641548,357.3910544,0.031980909,0.027144326,0.171617299,2122.424988,1641.348808,3856.441458,0.057229958,0.182774725,-306.1524963,74.50782776,-21.95791626,13.90449238,-24.03011322,-10.23785686,-11.98441505,-8.680817604,-1.994436979,-10.13920784,-6.408055305,-2.644675732,-4.589662075,lecture_050.wav,861,2
0.304470588,1.403002916,103.5451522,186.3541843,330.9211632,169.3943795,1979.793842,275.5861765,0.040491294,0.040209617,0.244197935,2049.364239,1605.820989,3692.78251,0.066168122,0.16586982,-362.8197021,60.11067963,-16.14012527,3.975048542,-17.02216721,-9.576809883,-14.06495667,-13.35090446,-5.831315517,-7.604176521,-7.099989891,-5.72533989,-2.92727685,lecture_051.wav,1171,2
0.302016529,0.432002938,167.3029561,192.8077683,203.2112947,32.18264352,240.7149399,199.4236978,0.092786781,0.048400726,0.221133113,1452.57311,1521.408595,2883.633647,0.021195373,0.10789872,-238.2710266,108.3954239,8.992897987,38.49354935,0.463640362,-16.04493523,-10.68690586,-15.77655506,1.419301033,-5.454107285,-1.585353494,-2.644352198,-1.69482255,lecture_052.wav,781,1
0.325041459,1.008271526,167.4433012,250.7913929,207.6649668,110.7152681,1634.641548,188.2309057,0.081426702,0.069672771,0.375433505,1705.239095,1585.297049,3209.950592,0.057986218,0.137117369,-206.3767395,94.91824341,-7.401662827,18.72866821,-7.403248787,-8.289699554,-13.84183311,-9.772960663,-7.604614735,-6.037951469,-8.786752701,-5.937861919,-7.917508602,lecture_053.wav,1669,2
0.230038238,1.618978111,173.4446375,279.7846474,214.6849971,78.57653507,1095.76057,201.7408895,0.02264142,0.016531706,0.156974345,1519.054015,1391.854912,2877.960009,0.024216432,0.119535439,-322.3588257,114.2421951,-20.1360054,26.49842453,-18.18357658,-0.519638419,-7.026827812,-17.34306335,-6.374671459,-3.092802286,-2.431004047,-3.336152792,-6.978128433,lecture_054.wav,2148,2
0.249845005,1.192469405,132.0735022,189.3678161,234.8608597,91.05354874,700.6781044,202.9095626,0.142936304,0.110950224,0.536146879,1379.226905,1166.964529,2438.521829,0.147335872,0.10066652,-241.6366577,76.0765686,3.169617891,26.77777863,7.376348972,-17.36435318,-25.27280617,-9.151652336,-14.73769379,-8.424634933,-8.614160538,-5.744063377,-12.24949551,lecture_055.wav,1977,2
0.425081081,1.512638967,164.8718071,473.4035417,245.6926538,106.2047745,782.7010246,213.7370271,0.035350367,0.045613579,0.370143265,1243.492078,982.5027919,2206.93927,0.011941396,0.119181505,-349.1302185,93.89492035,-17.03682899,12.38567734,-9.526408195,-27.88862991,-6.3971138,-21.4987545,-19.18901634,-3.054972649,-12.69561768,-6.191931248,-1.314866543,lecture_056.wav,941,2
0.158374781,1.22773504,150.811446,189.1993958,269.9928416,100.7367541,922.3602112,257.1309947,0.102716871,0.066577554,0.336210519,1640.784051,1425.034764,2952.132715,0.054746613,0.119552913,-231.1990204,78.59622192,-11.39494419,25.15489197,-0.958733559,-20.81562996,-17.16147232,-18.02676201,-18.9569416,-7.288776875,-11.6833477,-7.350331783,-10.09273052,lecture_057.wav,1169,2
0.20733395,1.269543192,150.9358844,206.2365205,247.9784685,96.73857383,951.3039819,217.4730845,0.141673654,0.099082507,0.596827805,1393.514956,1355.230908,2624.397525,0.088406108,0.088612284,-212.5296478,86.63786316,-9.630281448,27.71077538,2.94998908,-8.390668869,-5.331542015,-7.093756676,-11.26160812,-3.437119722,-4.018472672,-2.377861738,-8.256829262,lecture_058.wav,2142,2
0.249222707,1.09625748,161.7099462,223.1529437,194.1713818,62.14632495,511.8331746,182.8723372,0.056831557,0.045094438,0.233881071,1278.840172,1343.914826,2431.512571,0.04816319,0.083891775,-310.2792969,103.8757095,7.247750759,18.21105385,11.17831802,7.802431583,1.354826093,-5.961281776,-15.44730759,-7.136648178,-1.260769367,-3.520032883,-4.700062275,lecture_059.wav,1126,2
0.176180587,0.819449249,187.2339796,222.0204254,172.1288435,42.85117219,342.7636201,165.768535,0.080709241,0.04258858,0.238910988,1493.295263,1374.027103,2750.245094,0.020784087,0.114796818,-221.5882111,115.8840942,-10.94267464,22.07687187,-3.880488634,-12.28207779,-18.51567841,1.535495162,-12.30099964,2.526027203,-2.620745182,-5.241936684,-5.413524628,lecture_060.wav,1687,2
0.291678505,1.336965214,126.4744102,208.814695,483.9992218,159.756012,1605.435742,460.809414,0.09186466,0.081580818,0.556163669,1461.98184,1347.445471,2670.972897,0.010694128,0.109340835,-233.3835907,95.9017334,-21.08020782,-0.133559912,-25.46085548,-12.11995506,-6.74864912,-3.752151251,-7.208420753,-4.24627161,-6.571404934,-9.289274216,3.734250069,lecture_061.wav,1687,2
0.162508108,1.27318673,217.4052368,275.2125732,421.6558901,94.25371506,692.0180797,410.5345163,0.033430055,0.022207305,0.149096191,1654.62566,1404.630043,3029.886554,0.015706278,0.126648231,-373.9255676,73.87926483,-17.93803215,2.240095854,-37.71634293,-36.02992249,-23.45465279,-11.65159321,-26.50519371,-15.32664013,-17.30151749,-17.98534393,-2.850838423,lecture_062.wav,1053,2
0.162362869,1.534703545,214.8584962,286.271397,449.8735851,109.0831618,845.6267417,436.2059777,0.040199157,0.027337398,0.219179124,1688.792027,1420.211072,3120.710491,0.01335605,0.127284531,-332.9348755,67.55458832,-27.56794548,2.203512192,-38.86789322,-34.59867477,-24.0790081,-14.19251537,-23.92321777,-13.91977406,-14.77212906,-14.25742722,1.653204918,lecture_063.wav,2212,2
0.163002375,1.499501353,204.6231657,271.3386987,457.3322862,103.6879633,1227.264053,442.5488941,0.040383823,0.028403478,0.210721791,1696.863921,1445.923115,3138.180366,0.015619847,0.126439773,-344.3052368,59.95707321,-20.14974785,4.223513126,-40.56343842,-33.27840805,-22.33838272,-15.08355331,-25.15345001,-14.71605587,-14.7820549,-16.00175476,-0.729577005,lecture_064.wav,1915,2
0.273559846,1.726666667,168.05,319.0338176,195.7960485,77.67984884,888.7132545,184.9972114,0.082366385,0.079003416,0.619800031,1616.622807,1423.635778,2926.104679,0.031759318,0.147359859,-279.1188354,98.60622406,6.640230656,-7.106832981,-4.543495655,-31.20126534,-21.11276627,-4.925679684,-15.92988396,-6.973487854,-7.831058502,-6.66583395,-2.114133358,lecture_065.wav,3361,2
0.286847312,1.696227922,167.9812813,330.5150436,199.3262464,87.03958173,850.9043029,184.9972114,0.082039103,0.080674037,0.624345779,1621.189263,1435.350693,2937.939778,0.035617068,0.14742503,-288.1018372,100.9814072,8.045672417,-8.655862808,-4.193621635,-30.01214027,-20.99176407,-6.511714458,-16.75177002,-7.527300358,-7.701573849,-4.583179951,-0.350203842,lecture_066.wav,3070,2
0.280694634,1.708333333,165.7,318.4252332,193.8794833,83.68229195,845.6267417,180.7718692,0.076975815,0.073908404,0.579507589,1626.83323,1437.048936,2928.984602,0.033020258,0.148679564,-287.8021545,98.88233185,11.04382706,-7.863483429,-4.841057777,-28.80207253,-19.48113823,-6.302446842,-16.81756401,-7.554806232,-7.804485321,-5.131571293,-0.111895114,lecture_067.wav,3314,2
0.331470743,1.687204456,170.0723438,403.4858204,198.180505,87.17837032,1043.324133,186.0688893,0.079403944,0.076871835,0.755602837,1592.588195,1398.949915,2856.227187,0.037343241,0.146534001,-284.3643494,97.42603302,9.516793251,-7.369306087,-6.257724762,-29.37689209,-20.35515976,-7.113893032,-15.3059206,-7.584222794,-5.912050724,-5.102746487,-1.052739263,lecture_068.wav,3187,2
0.162537023,1.83669993,193.3686478,276.1646158,469.7754481,110.4302128,1347.737881,455.5165665,0.041352861,0.028660867,0.255142182,1693.954733,1418.907506,3109.019902,0.014496021,0.126743337,-336.5421448,65.3967514,-27.59557533,6.104810715,-41.6945343,-31.55590439,-19.23735046,-15.78032303,-25.86252213,-12.94540977,-12.97242165,-16.50543785,1.271513462,lecture_069.wav,2346,2
0.464726404,1.395,115.25,327.8121208,235.9418599,82.17092444,856.2124368,223.8455323,0.02291874,0.026291056,0.281746447,1133.252512,1384.020228,2324.915711,0.013187909,0.065586454,-411.0464478,98.77804565,23.48360252,15.92684364,9.008131981,-6.945814133,-7.661905766,-6.108448505,-7.566313267,-4.045530796,-3.644829512,-2.930435419,-1.743533015,lecture_070.wav,2305,2
0.360565657,1.485,142.75,307.9163072,202.3940202,141.2397331,969.0757662,165.768535,0.042314772,0.041311461,0.363569438,1423.021886,1535.562099,2722.482609,0.024400929,0.095123323,-299.0635986,101.4965973,-2.442050934,12.96275997,0.781933546,-21.38021088,-8.985180855,-12.27425766,-10.64790154,-3.786878586,-2.997724533,-1.281677842,-1.633368373,lecture_071.wav,2855,2
0.32747734,1.415833333,142.8,266.4974619,217.0059499,61.68476101,705.1159867,214.9751931,0.036976196,0.034376781,0.291520149,1708.139921,1550.449869,3368.664752,0.027371731,0.15757154,-329.3848572,90.50713348,-22.18021774,20.36875916,-12.5713129,-6.493438721,-9.140255928,-9.935182571,-2.083255768,-4.511550903,-4.592395782,-4.889245033,-10.39198208,lecture_072.wav,2856,2
0.189885339,1.904166667,152.35,238.7132829,215.4432953,69.31095928,670.320432,197.1331212,0.086596675,0.072416082,0.511466503,1549.75506,1389.773186,2836.816852,0.025941566,0.124219956,-228.8595734,108.4156799,-28.33465385,14.25355339,1.359959722,-14.75004864,-13.26178265,-12.03396797,-8.643274307,-5.592058182,-8.934094429,2.614643097,-8.596601486,lecture_073.wav,3047,2
0.249624838,1.9325,144.2,278.7227463,212.5951451,66.6225219,899.7995908,197.1331212,0.074176289,0.06810949,0.595473111,1260.94809,1235.99283,2376.852034,0.016546434,0.093476505,-258.6680908,115.6395187,-15.56117153,6.874349594,-1.638573408,-12.08838177,-10.62432098,-12.45646095,-5.103533268,-4.48775053,-7.592479229,-1.626079082,-6.885545254,lecture_074.wav,2884,2
0.225456455,1.904166667,140.95,247.1535116,222.6069229,72.02013353,661.8698887,204.0850057,0.100200333,0.091527842,0.682116687,1259.590654,1185.21597,2328.539572,0.01377834,0.097490655,-235.5537262,116.9390564,-24.82483482,9.323069572,-3.727376461,-15.83103752,-11.09230137,-10.44896698,-8.419315338,-4.298900604,-8.59973526,-4.430253029,-6.581787586,lecture_075.wav,2819,2
0.211401901,1.928333333,150.25,253.8235427,196.1657019,60.59824208,575.0810091,186.0688893,0.099612035,0.085253395,0.685551703,1512.731287,1384.095306,2810.162979,0.023517029,0.120586706,-213.6173401,107.1460571,-25.10135841,16.39630508,4.857247353,-15.8199749,-10.30391216,-10.06807613,-5.458939552,-3.074854612,-10.86876392,-0.109735385,-9.458573341,lecture_076.wav,3005,2
0.621662921,0.543540287,144.1908559,219.6197351,183.8110482,95.61959136,981.0958699,186.0688893,0.080779016,0.066845462,0.199248552,1299.55242,1447.023569,2371.71133,0.013203061,0.089037518,-294.4286804,120.5597305,18.5988121,-3.865240097,1.404644966,-7.448196411,-10.78789902,-2.183689356,-6.687489986,-0.112346388,-2.99343133,-3.596196651,-10.37491035,lecture_077.wav,787,1
0.36,0.713687422,162.0874603,220.0463974,241.3927276,43.17638364,335.082159,239.9117012,0.115834966,0.082662761,0.385486662,1867.952795,1655.068932,3460.353259,0.035761409,0.150433187,-223.4180145,73.55597687,14.01262093,11.58815479,-4.081125259,-2.795159101,-12.72096634,-7.244476795,-16.66212845,-11.9726696,-11.26955032,-7.355463505,-7.225393295,lecture_078.wav,1075,2
0.057043478,0.298566919,204.842869,209.7511697,160.4934929,30.78325324,223.2133917,154.6675121,0.095386818,0.037001338,0.279365271,1354.726856,1434.350227,2581.11533,0.017342536,0.085628103,-200.4963074,131.4154205,16.24868965,29.9147625,13.66591263,-5.536332607,-1.640932679,-2.184495449,-4.595094681,6.747246742,-2.975159883,0.805600941,4.803562164,lecture_079.wav,526,2
0.099025455,1.017092,191.0653553,213.0906811,172.5997667,26.47059821,254.8373089,167.6946726,0.036035441,0.018774534,0.113012277,1710.237438,1503.941407,3324.338942,0.031625688,0.137698953,-295.1618958,95.72187805,-5.666074276,45.81797028,-15.54351902,-5.468132973,-14.92080402,-21.53308678,-11.53354359,-8.10037899,-10.75499535,-0.840132892,-14.19066334,lecture_080.wav,861,2
0.307022222,0.564784731,120.4874092,148.7541837,293.1972632,124.1990588,2027.598131,283.6614679,0.113055259,0.067497455,0.284853727,2270.593321,1762.048962,4187.901606,0.037680451,0.188994307,-190.7922516,65.26161194,13.58369923,21.69195175,-28.20280266,-5.884457588,-21.22657013,-9.28521347,-5.970600605,-3.104503632,-9.181019783,-15.97317886,-7.716539383,lecture_081.wav,640,1
0.249104034,1.57,162.7,267.3641543,138.205884,42.7484213,395.4030227,135.4258855,0.032628287,0.026748501,0.204725757,1398.523885,1441.581751,2660.961541,0.015791191,0.095908107,-322.7254333,115.8118973,9.827379227,34.46820068,-0.408565819,4.060275078,-19.16862869,-0.541583657,-2.401586056,3.545567036,1.353275895,-3.403954268,2.919286013,lecture_082.wav,3254,2
0.22627051,1.210058308,161.5468087,223.2116377,324.5184439,150.3730609,2015.543312,314.7421051,0.083626032,0.062473837,0.382263243,1458.737767,1462.637185,2741.941001,0.044506695,0.107127649,-246.3071442,90.53005219,-0.582710147,9.908213615,-7.285251141,-17.7935524,-21.58968353,-10.59919548,-17.57775307,-13.07335949,1.785724521,-1.83854568,-2.052480459,lecture_083.wav,2007,2
0.21915258,1.271317529,165.285234,229.7486034,343.0772097,198.8575802,1955.542728,316.5653876,0.076940604,0.061144043,0.319092065,1530.42217,1496.725937,2814.748091,0.058152262,0.115421062,-262.6672668,85.82057953,-4.613315582,0.233582884,-9.480404854,-17.189888,-22.49123001,-14.54572105,-16.56668663,-9.45321846,-1.925113201,-0.93982923,-0.091737613,lecture_084.wav,1974,2
0.320563877,1.155171735,128.1629963,206.1505468,197.5916133,61.49025591,691.8788734,189.3213162,0.025107026,0.023149773,0.117962115,2137.916644,1743.71909,3879.347063,0.100040339,0.131078032,-392.0697021,64.88418579,2.53580451,16.21095467,5.635012627,-12.0864296,-16.9933567,-12.38755798,-3.44345808,-7.476084232,-7.300201893,-0.786887467,-9.373438835,lecture_085.wav,1679,2
0.272259459,1.488222928,159.6018534,269.019381,246.5544035,222.5765075,1166.833172,165.768535,0.034296591,0.030839322,0.215863094,1513.719331,1308.315538,2725.981338,0.04632635,0.132195854,-336.8199158,95.47676849,-17.24192047,6.006426811,-9.534620285,-14.22688198,-18.65069962,-13.29231262,-8.853777885,-6.263062477,-4.918673038,-8.139248848,-5.152371407,lecture_086.wav,992,2
0.088268456,1.266279311,182.5481853,205.5196325,196.2252449,30.10455337,258.5583615,192.6305945,0.146658346,0.082346551,0.452984959,1433.199265,1482.235211,2666.961736,0.014809435,0.098731248,-209.2530365,112.4264221,34.94628525,27.59009552,-15.71749783,-14.09862518,-7.100430965,-19.29981422,-11.79733276,-6.592873096,-10.48031044,-4.144416332,-10.2538538,lecture_087.wav,1074,2
0.350731278,0.768529073,151.9453075,209.1566624,182.2579304,29.64124813,257.4215246,177.6663167,0.08603844,0.062377207,0.247919828,1165.153075,1291.529263,2146.250457,0.12305063,0.074704254,-319.9126892,106.4946442,32.06373596,11.77601051,10.13480663,-22.75752831,4.657707691,-13.84999943,-8.776441574,-5.778334141,-13.24911213,2.377314329,-6.812682152,lecture_088.wav,1496,2
0.096,0.298167106,199.615031,209.2655962,144.9616647,30.25326367,174.5053099,144.3098915,0.063827045,0.027563514,0.151984781,1182.200799,1286.913954,2264.246093,0.011796021,0.077070347,-261.2288513,149.6524353,9.390026093,25.08127975,10.94449234,-9.912652969,-3.811251402,-9.581453323,-12.76203346,2.295604706,-6.903200626,-3.984542608,-0.132184029,lecture_090.wav,424,2
0.141205158,1.369093477,233.5323575,289.8868346,170.586751,49.41135428,950.5439963,161.9823764,0.053752847,0.030779868,0.238161653,1281.699716,1210.761623,2339.530985,0.020713722,0.113024307,-283.4837036,138.532486,-9.398802757,13.03286171,3.675006151,-14.89585495,-13.28415298,-0.823590636,-8.671798706,-1.561936498,2.221840143,-5.88803339,-1.757191181,lecture_089.wav,2425,2
0.426195777,0.824472186,179.2633574,276.7138279,248.2522704,64.42540241,794.4943809,241.3014955,0.016195785,0.012833969,0.080241315,1420.121581,1343.633227,2705.208676,0.16712746,0.104699586,-353.3843384,89.89366913,-12.94145393,19.06307793,-3.898249626,-4.433651447,-22.43284607,-6.015965462,-9.436308861,1.610686302,-1.237116456,3.621654749,-4.072455406,lecture_091.wav,1888,2
0.22717041,1.297562934,151.9022817,216.3743261,221.43886,50.45591712,338.0753877,217.4730845,0.060601711,0.047648042,0.290803373,1415.043074,1491.125085,2656.197722,0.013139737,0.088958245,-286.8967896,104.367981,2.579229832,13.77280998,1.787414432,-21.55558586,-4.382654667,-17.91180038,-6.771660805,-3.550062418,-15.05750179,1.814029813,-9.903973579,lecture_092.wav,1477,2
0.212886382,1.661885621,153.1452374,238.4884885,434.2896898,119.0119672,1331.506534,410.5345163,0.040488668,0.030416394,0.256957054,1362.81915,1271.961947,2518.145248,0.007076172,0.099469687,-289.7515869,116.0671082,-26.63981819,15.29316807,-27.35456657,-7.899168491,-3.122858047,-4.047284126,0.342725068,-3.660546541,-2.024133205,-10.65029335,1.0695858,lecture_093.wav,1906,2
0.210423121,1.671487491,132.4049976,207.6464313,335.5925452,162.7289059,1944.658526,329.6275569,0.015978009,0.012053736,0.103905298,2176.721534,1911.716233,4197.179152,0.028016349,0.167574218,-358.4648132,70.60569,9.674556732,23.91928482,-3.364887238,-0.831317067,-8.849001884,-5.67783165,6.480434895,-13.02329254,-2.945759773,5.509449959,3.087129116,lecture_094.wav,1142,2
0.510117647,0.509022676,125.1596934,177.1987339,281.6728839,86.55077745,529.7315375,283.6614679,0.0480427,0.034812577,0.13432841,1743.257624,1627.320603,3291.885378,0.023641607,0.127711002,-304.2652283,90.62497711,2.005162716,19.8111248,-5.523807526,3.47622323,-3.405457497,-2.422306299,-14.10763359,-9.721258163,-10.41040993,-6.014235973,-7.617887974,lecture_095.wav,418,1
0.20673641,1.451802124,170.4639048,244.014733,238.9453789,79.46095838,1331.506534,229.0776736,0.04984599,0.037943132,0.240696639,1255.972524,1360.7578,2340.917517,0.01873314,0.088158951,-354.3626404,100.1209946,19.6042099,18.5119381,2.594092607,-3.684972048,-6.829065323,-6.438405514,-12.65180397,-6.120506763,-7.274415493,-5.542416096,-7.992090225,lecture_096.wav,1908,2
0.391960591,0.699524354,156.7727117,216.5026459,210.9728545,36.89907987,270.1988633,212.5059924,0.090488978,0.064875901,0.276782483,1194.93843,1349.277491,2250.270934,0.123735465,0.071611389,-303.162384,98.56145477,24.63445473,11.15738773,4.98900938,-20.08182716,4.290856838,-18.93708611,-6.98378849,-7.82063055,-15.67891312,2.671261311,-8.978168488,lecture_097.wav,3033,2
0.184123077,1.602839777,175.269107,249.1658657,190.2389823,50.54313971,553.263657,181.81907,0.034819715,0.026769212,0.179880217,1627.247463,1507.684492,3171.961305,0.055248272,0.14142018,-333.0769043,108.2560425,-3.388787985,19.63456917,-7.245886803,-9.481575966,-15.97577572,-16.61527252,-1.944397092,-5.04930687,-6.182409286,-2.871169329,-2.884544134,lecture_098.wav,1540,2
0.236869565,1.626672375,123.0613014,202.7836974,332.9054378,95.8171543,747.8402937,335.3893451,0.010993018,0.009543975,0.068475492,1683.186835,1537.977407,3135.227858,0.033136267,0.143867303,-509.3848572,80.61373138,2.922142506,7.498097897,-9.551921844,-7.274788857,-18.74674988,-8.836379051,-15.93902016,-6.943209648,-17.31463242,-12.26175308,-10.42685127,lecture_099.wav,812,2
0.231138462,0.76384908,137.8453801,169.2347645,156.0290017,46.74384485,403.078934,145.9866917,0.065733135,0.037962649,0.258467197,1835.401336,1801.067183,3705.586694,0.028047077,0.110485131,-225.5059204,80.49520874,11.04738808,36.80006409,10.42096233,5.659799576,6.217253208,-0.43553412,9.771305084,-5.683921337,-5.63839674,-8.094063759,-12.48432541,lecture_100.wav,391,2
0.209511962,1.718155344,139.4048768,218.8855328,296.096607,91.21997959,629.0272583,269.2917795,0.046159811,0.0387109,0.263460398,1855.295974,1716.997245,3529.787227,0.042947289,0.127521414,-306.8516541,72.27520752,5.172614574,15.82119942,-11.24782562,-10.52480602,-7.544158459,-9.100331306,-11.05665207,-2.994319201,-8.649006844,-3.6903615,-1.865021229,lecture_101.wav,2261,2
0.452728745,0.868120674,131.5888179,227.4715661,267.3782291,94.7392865,1910.126814,245.5193714,0.040822465,0.039825544,0.224783659,1450.182791,1283.71166,2631.59689,0.249550715,0.104703475,-345.4243469,55.56491089,-5.008393288,6.194322586,-1.810537934,-2.629319429,-3.239694834,-3.485876322,-5.092021942,-5.694509983,-5.807515621,-4.629310131,-2.160553694,lecture_102.wav,1248,2
0.272,0.874938038,130.754629,173.4439477,304.46798,90.57006645,508.5085194,302.2698024,0.066876315,0.043633796,0.311790675,1460.37477,1691.171542,2994.475765,0.015716594,0.089233715,-204.1199188,111.012764,4.992574215,23.16412354,10.16073132,-9.537288666,1.554903865,-3.643702984,-1.130541563,-1.154459834,-4.826179028,0.797088444,-1.179341912,lecture_104.wav,269,2
0.210130966,1.927181263,150.9233185,253.8129496,196.5752087,82.62009264,609.2580803,191.5211239,0.032185148,0.022909069,0.227149844,1904.111946,1687.275103,3665.098249,0.027549621,0.13280493,-285.6044006,80.44296265,7.402008533,38.93593979,-6.901210785,1.64692688,-11.66189575,-21.70949173,-0.12835288,-3.1020751,-4.313118458,2.182696581,1.826447487,lecture_103.wav,2352,2
0.266157303,0.75949968,182.9199509,229.792024,274.9888716,50.0177868,505.2030127,270.8517709,0.088174783,0.055215109,0.249122098,1952.259431,1677.893024,3695.3077,0.042332966,0.16506553,-218.3815155,65.04408264,-13.07017136,16.57911682,-16.76952744,-7.96208334,-20.0161953,-12.04709721,-15.26316643,-11.20855522,-3.860882759,-13.91038704,-8.286214828,lecture_105.wav,1429,2
0.195328999,1.281666667,155.15,207.7975999,257.0713968,89.51902204,709.5795774,229.0776736,0.150878012,0.110081248,0.624567151,1405.433971,1413.704847,2697.239949,0.069060616,0.08303871,-198.6553802,82.87837982,-9.187232971,27.87896156,3.931958437,-9.413805008,-6.312673092,-6.496374607,-7.628351688,-3.953734636,-3.599156857,-1.65343976,-5.913078308,lecture_106.wav,3103,2
0.336864865,0.684945375,164.4979622,215.0116144,226.1896335,44.39957332,615.7709727,223.8455323,0.099924363,0.065571591,0.278940409,1137.841535,1288.85748,2179.734243,0.100602098,0.068288509,-293.3363342,107.648262,18.59198761,18.2335434,-0.911464095,-26.46040726,4.572025776,-20.68756676,-4.237062931,-3.588178873,-15.07323647,0.51559633,-12.01278591,lecture_107.wav,1481,2
0.186315789,1.028047694,157.0478122,211.2445415,323.1887273,81.46603993,583.303138,295.3659506,0.055790391,0.044174459,0.233150333,2198.784149,1655.393332,3878.902023,0.105455451,0.183567334,-263.9663391,63.43117142,-9.239105225,5.129910469,-12.61117649,-17.09647942,-15.11954117,-5.036094666,-2.988381624,-3.881338358,-3.197267532,-6.403465271,-5.351861954,lecture_108.wav,387,2
0.304277333,1.25,171.05,276.0652034,259.831738,186.8669072,1372.439208,193.7464922,0.148038208,0.137993127,0.744978845,1699.454354,1519.588322,3263.616304,0.038631767,0.145283274,-224.4896088,85.6122818,-1.409989476,10.06380177,-16.62837982,-13.06528759,-13.62468815,-14.78449059,1.460566044,-3.938912392,-2.793147087,-3.263874531,-5.059852123,lecture_109.wav,3421,2
0.268565657,1.32,172.95,267.9567427,250.949816,184.5050381,1548.520725,194.8688542,0.154283062,0.138812572,0.729823232,1644.173637,1483.557564,3164.30416,0.027792862,0.138562646,-211.6837616,90.07809448,-6.369894981,13.39728832,-14.13022614,-15.23359013,-14.05866528,-14.11987019,2.540321112,-4.500164032,-3.309566021,-1.523634315,-5.754570007,lecture_110.wav,3459,2
0.317437616,1.568600436,135.6532668,273.6142534,404.9156311,152.5821451,1931.321091,380.8360868,0.032016166,0.030938847,0.276808798,1659.628704,1256.641246,2867.940148,0.11188592,0.12156735,-385.1925354,58.75806808,-18.83947945,3.380922318,-15.67974758,-19.47629356,-18.42567825,-15.25339317,-17.90353584,-9.528632164,-6.249443054,-7.479401588,-4.774908543,lecture_111.wav,2322,2
0.258297436,1.597620283,146.0962302,250.2919511,224.1499695,67.54784945,1746.165545,207.6523488,0.043853424,0.037999228,0.330064029,1634.698414,1436.828482,3018.978657,0.070723161,0.126418786,-320.3148193,80.01638031,-2.820840359,24.69399643,2.094392538,-11.51762295,-14.40019894,-2.283541918,-10.95456505,-18.25325775,-10.18879128,-4.097759247,-15.92072964,lecture_112.wav,1486,2
1.748885299,0.515833333,119.8,1555.574792,193.643912,88.58894852,969.0757662,172.6085015,0.027245328,0.033034679,0.740303397,1748.786421,1452.014906,3166.753887,0.048421424,0.164600572,-336.1903381,65.0664978,10.55015087,-4.435734749,-5.945923328,-13.87281895,-12.49816799,-9.523537636,-11.37840366,-8.642495155,-10.94462776,-6.659569263,-4.671697617,lecture_113.wav,2396,0
0.238461538,0.754850618,153.4379045,192.3776937,214.569774,67.76536995,428.4769099,201.7408895,0.112737857,0.073862262,0.341862798,2051.19301,1705.457736,3741.766543,0.089486562,0.153926685,-201.1067352,65.5732193,1.440415263,16.70791626,-4.610802174,-2.660438299,-13.06115723,-13.54479313,-9.530065536,-7.214880466,-7.379892826,-7.783301353,-3.295967579,lecture_114.wav,1057,2
0.534340641,0.732976811,141.6511678,233.3034876,227.87465,75.6849213,1056.206961,244.1052839,0.033031352,0.028268201,0.185545936,1755.235302,1836.170576,3689.641694,0.026704866,0.108690657,-323.507782,76.36624908,19.98339653,22.54969025,3.003478527,0.350762576,-10.93999672,-3.188621044,-10.98611546,-5.967305183,-0.216052756,-2.894569397,-6.364664555,lecture_115.wav,1910,2
0.382338279,1.434021958,130.7215269,290.1617047,215.7068497,68.93052502,1469.085484,207.6523488,0.020260746,0.020865547,0.189692244,1751.968045,1508.875641,3331.407335,0.030445211,0.13207692,-393.1776428,64.26586914,-15.21325397,16.45322227,-13.74205494,-19.17480278,-7.259399891,-10.87002373,-5.400546074,1.137749076,-7.798205376,-4.676191807,-2.313427448,lecture_116.wav,1024,2
0.404231173,1.405556626,114.4630177,267.8571429,345.7812971,130.3778627,999.3884072,353.286068,0.03339551,0.0345015,0.349282116,1555.944095,1523.696357,3054.579198,0.016206814,0.107929386,-357.1179504,72.43395233,0.653875649,11.99155331,-8.115439415,-4.516961098,-11.87129402,-1.720328689,-2.485922337,-3.76040864,-5.621275902,-7.401408195,-6.362395287,lecture_117.wav,775,2
0.235153527,1.06571563,124.7019948,170.4545455,257.0155882,54.14353006,387.4865928,251.2581146,0.08029145,0.057750549,0.293781787,1343.303874,1461.42206,2656.581647,0.046161514,0.105401177,-309.1706543,94.47088623,24.16050339,22.60936165,4.623953819,3.806527615,-0.602840304,1.365218878,-4.297214508,-5.168867588,-4.943778992,-1.883481741,-3.750046968,lecture_119.wav,470,2
0.200467081,1.271723842,162.7490562,218.5590631,143.214255,42.02457238,492.1702759,136.2103996,0.09089347,0.059139606,0.490330189,1896.60551,1607.308793,3589.892721,0.046985183,0.155998726,-159.673111,93.87405396,-12.10131454,31.08922577,-10.70705605,3.243370771,-4.324085236,-18.61211014,0.042953745,-2.853224754,-7.36216259,-2.804610491,-5.097101212,lecture_118.wav,1717,2
0.380903226,0.711936288,163.0563757,224.5572111,221.6999756,40.29937859,539.2992632,221.274447,0.092772543,0.066603437,0.292612582,1246.93511,1389.743503,2384.406002,0.126353636,0.071577737,-302.455658,92.61517334,24.77380371,12.48842716,5.600501537,-19.56183052,5.156105995,-16.46526527,-7.592673779,-7.226527214,-18.74015808,2.724299192,-10.5240221,lecture_120.wav,2130,2
0.18903937,1.052193483,180.5713147,227.7143932,156.4263202,46.53387713,291.9846631,152.0104168,0.038927402,0.024225116,0.148786649,1657.922491,1555.82957,3255.196079,0.027737679,0.11674239,-262.6981506,102.5706863,-3.506437778,39.33312988,-4.404338837,7.531316757,-5.839988708,-8.483277321,-1.636784792,-3.648863554,-6.28279829,2.183234453,-5.316909313,lecture_121.wav,1453,2
0.1702028985507246,0.69,171.8,195.03814482925645,144.42486584362032,66.0248868140121,306.7313872726877,136.21039964151845,0.0667372792959213,0.0355124399065971,0.1923454254865646,1491.7214951768567,1570.640465710473,2905.211777410409,0.0205778367817401,0.0924144132959151,-223.2290496826172,116.79553985595705,12.60182285308838,25.94342041015625,0.6661397814750671,-1.8759149312973025,4.613376617431641,-9.578561782836914,-0.600774347782135,-4.6889824867248535,-3.683160543441773,4.576289176940918,-3.004931926727295,Copy of lecture_24.wav,859,2
0.2234343434343434,1.32,156.6,224.20968234575443,157.01341816399875,45.94367726989914,252.99284091173345,156.46466200170096,0.010736359283328,0.0076741660013794,0.0544316954910755,1488.462803633755,1715.2541696770943,3172.58825725256,0.0174404103308916,0.0931533969709897,-412.3694458007813,106.81769561767578,32.16737365722656,32.47563552856445,-5.156683444976807,-6.251059055328369,-2.249672174453736,-0.4986845254898071,-3.4646098613739014,0.436197429895401,-2.58211088180542,4.494040012359619,-3.863253355026245,Copy of lecture_26.wav,783,2
0.528564705882353,0.85,133.8,243.42615951872693,226.3229613883364,63.793415499495794,495.4002846953256,227.75828324510303,0.0410883501172065,0.0429940149188041,0.2407831996679306,1505.4784159153958,1511.7409158898863,2919.821885665529,0.0216468758881092,0.1020995781283329,-310.66339111328125,101.72310638427734,-21.241268157958984,10.406286239624023,-7.461270809173584,-24.39393424987793,-3.518091917037964,-18.68605613708496,-5.645992279052734,-0.8544659614562988,-8.507591247558594,-0.2857362627983093,-6.263457775115967,Copy of lecture_14.wav,669,2
0.4409510489510489,0.9533333333333334,154.6,266.9690550745994,207.58819471101987,64.06975841533114,335.7515036404658,212.505992363466,0.0945828855037689,0.0863529741764068,0.5722170472145081,1379.3462608514742,1628.3304347057644,3057.436373453498,0.0178956557065248,0.0809134004872813,-256.36981201171875,92.50209045410156,22.141565322875977,46.4213752746582,2.73919677734375,-13.0775146484375,-3.4857711791992188,-13.062427520751951,-10.308310508728027,-2.684592962265014,-11.853564262390137,1.1408785581588743,-8.84935474395752,Copy of lecture_12.wav,773,2
0.1964635193133047,1.5533333333333332,176.2,253.7442396313364,199.7250409924174,39.03268658197361,347.59175484597466,193.74649219115264,0.0347722619771957,0.0268690977245569,0.1815950721502304,1486.0883035885945,1436.2964216661162,2825.799414729096,0.024150975048542,0.1194077319252613,-321.3473815917969,111.73188018798828,-21.39592361450196,13.310481071472168,-4.9553093910217285,-32.90946960449219,-5.426915645599365,-21.330230712890625,-11.523199081420898,-0.3224115967750549,-11.645313262939451,-1.2884091138839722,-6.721642017364502,Copy of lecture_10.wav,881,2
0.3847529411764706,1.1333333333333333,138.4,245.5990914253265,182.10333841692787,76.63539476298708,670.3204319687386,191.5211239251473,0.088291086256504,0.0899441838264465,0.5545528531074524,1381.8497629035214,1467.632959157734,2689.2289822418943,0.0132523830980062,0.0893738522057647,-281.3803100585937,83.9730453491211,3.516904354095459,31.13446807861328,3.99406361579895,-13.395755767822266,-4.179006576538086,-6.18242073059082,-1.6614271402359009,0.3555018305778503,-6.867273807525635,5.366328716278076,-7.647485733032227,Copy of lecture_13.wav,692,2
0.4196923076923077,1.3,146.2,324.1780983916745,206.72925699244936,58.25188923508879,422.80417638470215,206.4563592676515,0.0341812968254089,0.038081057369709,0.2910301685333252,1453.5030367074569,1492.0043180972789,2876.958124466724,0.0395177043974399,0.1086553371807007,-359.8102111816406,95.28515625,-5.533715724945068,10.266512870788574,-3.591444730758667,-18.89449882507324,-16.295631408691406,-15.916287422180176,-8.640220642089844,-7.685320854187012,-13.324664115905762,-5.863580226898193,-14.05104637145996,Copy of lecture_21.wav,731,2
0.2165648267008986,1.0521295409173212,179.41577434590107,233.0722587165235,241.33372395481388,74.51049929064284,1634.6415475825786,226.44649206156825,0.099854864180088,0.0687789022922515,0.3537658452987671,1619.0208968466347,1506.3944963529482,3045.196889316276,0.0424477010965347,0.1284184330160342,-195.1845245361328,101.64247131347656,-14.017433166503906,20.948564529418945,-8.694046020507812,-7.815172672271728,-14.848257064819336,-9.71030330657959,-5.089121341705322,-5.0171098709106445,-8.614200592041016,-4.294811725616455,-8.35689640045166,Copy of ted_09.wav,2214,2
0.3452173913043478,0.5104659388828009,160.7967707480823,198.36272040302268,103.90712085870058,66.73273556700669,367.0346720347608,71.32617550580554,0.0783886015415191,0.0400383286178112,0.4367867112159729,1378.3736842556932,1382.8831222591602,2697.56713271194,0.0217001736164093,0.0955963229582778,-176.634521484375,117.1307373046875,-6.686411380767822,37.66531753540039,5.739404201507568,-1.988901972770691,8.300711631774902,0.8658110499382019,-0.7799888253211975,5.739110946655273,-2.22819185256958,7.792923450469971,-1.252922534942627,Copy of ted_01.wav,966,1
0.3055659574468085,0.6674870603372798,168.2067392049945,211.77833724323392,313.2253110071194,157.9747022526365,2015.5433120826303,290.2917403700367,0.0884465798735618,0.0579657517373561,0.2596912086009979,1932.034642640179,1481.3885456066064,3424.8498210633948,0.0449834577739238,0.1722057797588616,-189.7561492919922,75.19454956054688,-33.51041793823242,24.2626895904541,-19.57965469360352,2.4903712272644043,-18.684852600097656,-4.324740409851074,-11.850826263427734,-8.082398414611816,-13.346040725708008,-8.560564041137695,-8.399496078491211,Copy of ted_02.wav,1974,2
0.2814051522248244,1.4213443395981082,190.73309287815368,320.6706661891118,152.4191159706008,48.23059599600032,750.9336315832026,145.9866916572425,0.1219984665513038,0.1147601753473281,0.7177409529685974,1814.8320359930497,1639.5078233345032,3479.9865534135693,0.0663695856928825,0.1613294979497284,-169.52806091308594,95.84906005859376,-5.187848567962647,10.421944618225098,-15.293021202087402,-7.956436634063721,-18.27901268005371,-16.127277374267578,-12.507905006408691,-4.750283718109131,-3.474269390106201,-4.04776668548584,-8.636823654174805,Copy of ted_14.wav,955,2
0.2891058315334773,1.2415396230968605,139.17042427370853,218.61099878689845,361.14267313022754,144.21545557263383,1634.6415475825786,357.39105439674364,0.0319809094071388,0.0271443258970975,0.1716172993183136,2122.4249879375748,1641.3488081890275,3856.441457868543,0.057229958474636,0.1827747246117212,-306.1524963378906,74.50782775878906,-21.957916259765625,13.904492378234863,-24.030113220214844,-10.2378568649292,-11.984415054321287,-8.680817604064941,-1.9944369792938232,-10.13920783996582,-6.408055305480957,-2.6446757316589355,-4.589662075042725,Copy of ted_06.wav,865,2
0.2836686114352392,1.2983856252651904,133.535249720973,211.97283361551487,200.42091821651627,49.72406298087781,359.6055934017824,195.99771799087463,0.072943203151226,0.0641688778996467,0.3186292648315429,1654.0995994414095,1608.262583968542,3136.032263538081,0.0543125346302986,0.1336067174925461,-266.8209228515625,86.71404266357422,1.0504205226898191,13.049975395202637,-2.302250862121582,-8.90371036529541,-17.078327178955078,-12.101083755493164,-7.242112159729004,-5.426719665527344,-8.921629905700684,-5.951287269592285,-5.830223083496094,Copy of ted_11.wav,1469,2
0.4832,0.3666666666666666,160.75,195.60403011227203,501.6553683799096,537.3475100948572,2027.59813107964,331.5370699244067,0.0731635689735412,0.0385913290083408,0.2765892148017883,1296.504574417319,1001.5603794745508,2461.3933090235187,0.1335566937923431,0.2439782638675937,-104.3425521850586,47.24012756347656,-5.222774982452393,5.0785064697265625,-15.88309097290039,-9.470396995544434,-9.832508087158203,-5.568680286407471,-14.004175186157228,-12.594948768615724,-10.582716941833496,-8.894522666931152,-10.005823135375977,Copy of ted_07.wav,3215,1
0.4832,0.3666666666666666,161.05,195.96907651372567,501.6553683799096,537.3475100948572,2027.59813107964,331.5370699244067,0.0731635689735412,0.0385913290083408,0.2765892148017883,1296.504574417319,1001.5603794745508,2461.3933090235187,0.1335566937923431,0.2439782638675937,-104.3425521850586,47.24012756347656,-5.222774982452393,5.0785064697265625,-15.88309097290039,-9.470396995544434,-9.832508087158203,-5.568680286407471,-14.004175186157228,-12.594948768615724,-10.582716941833496,-8.894522666931152,-10.005823135375977,Copy of ted_03.wav,3221,1
0.4029497206703911,1.1933333333333334,119.6,233.3506763787721,208.47498233983129,70.22745102027183,347.50632721015324,220.0,0.0475971773266792,0.0537768043577671,0.2978878021240234,1241.7237344103028,1450.8522963256094,2385.0589270477817,0.0240334328263998,0.0882257455038129,-336.8388977050781,113.28117370605467,21.62335205078125,5.562498092651367,8.284209251403809,-10.540030479431152,-10.265192985534668,0.8092372417449951,-6.288879871368408,-1.0878101587295532,-0.3341741859912872,-2.123094320297241,-0.1107690185308456,Copy of lecture_11.wav,598,2
0.4832,0.3666666666666666,161.55,196.5774871828152,501.6553683799096,537.3475100948572,2027.59813107964,331.5370699244067,0.0731635689735412,0.0385913290083408,0.2765892148017883,1296.504574417319,1001.5603794745508,2461.3933090235187,0.1335566937923431,0.2439782638675937,-104.3425521850586,47.24012756347656,-5.222774982452393,5.0785064697265625,-15.88309097290039,-9.470396995544434,-9.832508087158203,-5.568680286407471,-14.004175186157228,-12.594948768615724,-10.582716941833496,-8.894522666931152,-10.005823135375977,Copy of ted_10.wav,3231,1
0.2216388349514563,1.7166666666666666,159.8,258.16388075133545,221.7366013300423,61.692905231678175,417.1965997404857,213.73702705379327,0.0850896760821342,0.0676976814866066,0.5958800911903381,1030.695817636252,1158.8097037420682,1919.792722109641,0.0245323553681373,0.0802008202458404,-272.83062744140625,127.4365234375,9.500354766845703,4.570882797241211,-3.179003953933716,-9.718700408935549,-15.912254333496094,-11.65190887451172,-7.917053699493408,-9.017976760864258,-7.9732794761657715,-2.0631425380706787,-9.990557670593262,Copy of lecture_17.wav,799,2
0.4832,0.3666666666666666,162.7,197.97683172172103,501.6553683799096,537.3475100948572,2027.59813107964,331.5370699244067,0.0731635689735412,0.0385913290083408,0.2765892148017883,1296.504574417319,1001.5603794745508,2461.3933090235187,0.1335566937923431,0.2439782638675937,-104.3425521850586,47.24012756347656,-5.222774982452393,5.0785064697265625,-15.88309097290039,-9.470396995544434,-9.832508087158203,-5.568680286407471,-14.004175186157228,-12.594948768615724,-10.582716941833496,-8.894522666931152,-10.005823135375977,Copy of ted_13.wav,3254,1
0.4190967741935484,0.9053738317757009,105.01502002670226,169.64574571336138,292.84287423263333,96.01003878626358,597.6677485236637,307.5533855193843,0.0741428658366203,0.0670152679085731,0.276677519083023,1789.5414933456632,1609.0998460612388,3327.101828983379,0.0426738262176513,0.150211687408217,-286.09210205078125,73.737060546875,0.7777940034866333,16.890886306762695,-9.397534370422363,-14.693175315856934,-12.2388916015625,-8.530927658081055,-2.7345399856567383,-6.5524420738220215,-7.019097328186035,-2.053073644638061,-1.2764588594436646,Copy of ted_04.wav,839,2
0.4832,0.3666666666666666,163.95,199.4978583944448,501.6553683799096,537.3475100948572,2027.59813107964,331.5370699244067,0.0731635689735412,0.0385913290083408,0.2765892148017883,1296.504574417319,1001.5603794745508,2461.3933090235187,0.1335566937923431,0.2439782638675937,-104.3425521850586,47.24012756347656,-5.222774982452393,5.0785064697265625,-15.88309097290039,-9.470396995544434,-9.832508087158203,-5.568680286407471,-14.004175186157228,-12.594948768615724,-10.582716941833496,-8.894522666931152,-10.005823135375977,Copy of ted_12.wav,3279,1
0.4832,0.3666666666666666,164.7,200.41047439807903,501.6553683799096,537.3475100948572,2027.59813107964,331.5370699244067,0.0731635689735412,0.0385913290083408,0.2765892148017883,1296.504574417319,1001.5603794745508,2461.3933090235187,0.1335566937923431,0.2439782638675937,-104.3425521850586,47.24012756347656,-5.222774982452393,5.0785064697265625,-15.88309097290039,-9.470396995544434,-9.832508087158203,-5.568680286407471,-14.004175186157228,-12.594948768615724,-10.582716941833496,-8.894522666931152,-10.005823135375977,Copy of ted_08.wav,3294,1
0.2552273641851107,1.6566666666666667,178.6,313.2014590347924,194.4156928731592,82.06548960085385,838.4630233645169,186.60783235405344,0.0655234307050705,0.0577873289585113,0.4331018030643463,1385.962741201679,1188.4716849415584,2506.6309593643346,0.030899666249752,0.1216829059067032,-281.74884033203125,101.61799621582033,-3.0955288410186768,22.653114318847656,-6.548891544342041,-15.478365898132324,-13.037596702575684,-13.702675819396973,-5.968385219573975,-6.912973403930664,-5.514759063720703,-2.987202405929565,-8.19144058227539,Copy of lecture_01.wav,893,2
0.2262325581395348,1.0033333333333334,144.8,187.3706004140787,231.0857565345705,51.11775163162282,387.4865927979868,223.84553226259092,0.0989675670862197,0.0683178156614303,0.3555617928504944,1617.6427891572594,1602.8661516625823,2999.7750239974403,0.0237028915435075,0.1235013056940593,-253.17872619628903,103.03560638427734,16.433156967163086,15.23251724243164,8.633552551269531,-18.891014099121094,0.1583112478256225,-2.5855679512023926,-7.281941413879394,-2.589367628097534,-5.8485026359558105,-9.17037582397461,-11.08714771270752,Copy of lecture_02.wav,724,2
0.4554303405572756,1.0766666666666669,114.4,226.40911969601007,205.6552231142715,79.15170107811788,431.337946789548,205.2672581380976,0.0741609558463096,0.0804328769445419,0.4752311706542969,1807.082756583692,1704.880538856799,3632.653350309301,0.0442035384476184,0.1257694491754213,-278.12225341796875,66.42015838623047,7.941329479217529,15.510209083557127,-5.706004619598389,0.0164046045392751,-12.69452953338623,0.5322498083114624,-10.182744979858398,3.7126786708831774,-7.114626884460449,-2.393179655075073,-6.109921455383301,Copy of lecture_03.wav,572,2
0.2479051383399209,0.8433333333333334,148.0,187.2216974767238,287.6614316189868,63.416557428513165,1210.0518362669914,280.40333801023763,0.0956225767731666,0.0614690370857715,0.2376700490713119,1433.0659095304047,1373.7506650479145,2717.593456697952,0.0199195574969053,0.120051100799248,-278.4757080078125,114.8218994140625,-3.8010833263397217,12.89092254638672,-11.990686416625977,-14.467490196228027,-9.30003261566162,-16.364578247070312,-5.3872270584106445,-9.429115295410156,-4.1443610191345215,-6.535668849945068,-6.8578691482543945,Copy of lecture_04.wav,740,2
0.198351606805293,1.7633333333333334,141.2,217.6862358164776,192.95736427289225,51.775052408030426,384.87812115343127,187.14677540918825,0.098263069987297,0.0745021775364875,0.6351019144058228,1259.8504765453536,1315.1170992137254,2394.741227602389,0.0331608764827251,0.1033009603975576,-243.82177734375,123.46536254882812,1.2837697267532349,9.418108940124512,7.471346378326416,-15.745047569274902,-15.934871673583984,-7.807755470275879,-10.583252906799316,-5.277994155883789,-7.239495277404785,-5.206286907196045,-12.686735153198242,Copy of lecture_05.wav,706,2
0.2869356984478936,1.5033333333333334,159.0,281.3561721404303,335.91974154329193,116.16716264471094,1056.2069607158007,343.2286994458844,0.0471604727208614,0.0442070960998535,0.3575139045715332,1322.5896676800346,1386.7746121944588,2584.8859454991466,0.0268410425633192,0.0926825096989654,-323.9105834960937,97.90660095214844,-1.1659185886383057,13.905706405639648,-20.578651428222656,-13.787500381469728,-13.128179550170898,-2.724915742874145,-2.6407294273376465,-6.840708255767822,0.3866260945796966,-9.557169914245604,1.3935308456420898,Copy of lecture_06.wav,795,2
0.1067563025210084,1.9080049022899064,158.73318094680738,207.49496981891343,242.7797903227349,52.01268425383153,339.73714724459853,239.91170118635668,0.1072378605604171,0.107682466506958,0.3807648420333862,1459.1315064376292,1510.1288556532777,2829.6153846153848,0.0576374232769012,0.1116180889423077,-267.5008239746094,81.11620330810547,12.357429504394531,22.03993225097656,-0.5430306792259216,5.948378562927246,-3.127704620361328,0.4179345071315765,4.750811100006104,-4.563193321228027,-0.833056628704071,-0.4479273855686188,1.2759127616882324,Copy of lecture_07.wav,165,2
0.4452765957446808,0.94,133.2,229.88770250368188,140.75087024828275,52.48770521957219,306.7313872726877,120.65074776640884,0.0398806110024452,0.0369217731058597,0.204331174492836,1516.6304404791429,1528.5763813336089,2893.6521771011094,0.016551200300455,0.1174547631585964,-329.05743408203125,95.12609100341795,22.19738006591797,31.38127899169922,-3.34397840499878,-3.747080802917481,-11.044139862060549,-4.6744890213012695,-13.088868141174316,-4.373321056365967,-7.410840511322021,-6.303971290588379,-8.260844230651855,Copy of lecture_08.wav,666,2
0.4475492957746478,0.4733333333333333,167.0,211.97197400487408,132.21596608227188,21.987662700524265,279.8106117494207,131.5705733911144,0.1321076452732086,0.0844228714704513,0.460344523191452,1397.0340275001424,1361.1064885648657,2581.4054834151025,0.1211161836981773,0.1063455314766425,-202.0766143798828,90.7338638305664,6.521189689636231,26.8195743560791,14.299079895019531,2.9796905517578125,-6.883716106414795,-7.309823513031006,-4.368772983551025,0.4810310900211334,-6.366811752319336,4.245052814483643,-6.407066345214844,Copy of lecture_27.wav,835,1
0.3240272108843537,1.3484769434522614,143.65407438409807,273.3938547486033,168.5939608173112,69.7500261540269,395.4030227159261,152.01041679645533,0.0409743748605251,0.0375894047319889,0.2965172529220581,1236.380120195438,1499.983570538699,2578.423099501027,0.0120719103142619,0.0672842103573525,-300.6705017089844,106.7782974243164,22.628047943115234,34.18892288208008,5.7116007804870605,2.999904155731201,-12.065616607666016,-6.4637532234191895,2.6530895233154297,-3.283287048339844,2.6284964084625244,-3.198052406311035,1.4957417249679563,Copy of lecture_19.wav,522,2
0.2805544554455446,1.346666666666667,120.8,194.4539835164836,272.6184163390352,112.6184683056834,1842.8329004053464,257.13099468347406,0.0755851566791534,0.0707773193717002,0.2935705780982971,1830.319850697222,1378.7430595333044,3128.977075778584,0.0576870627701282,0.1426858739234481,-312.3478698730469,83.64899444580078,-17.410686492919922,4.665072441101074,-13.88294792175293,-25.58969688415528,-14.149492263793944,-16.749889373779297,-8.684967994689941,-8.188607215881348,-12.031856536865234,-5.740780830383301,-8.26231861114502,Copy of lecture_23.wav,604,2
0.224,1.0687732342007434,149.91421218187017,203.1661757866997,135.07109145916775,56.125811976355166,264.2211655877203,131.5705733911144,0.0657604858279228,0.0460365451872348,0.2182696312665939,1399.8272340674346,1466.811266494892,2671.420171851767,0.0180761981755495,0.0898664243895116,-247.86412048339844,117.26624298095705,10.32113552093506,32.07468795776367,-0.7356759905815125,-0.8133503794670105,2.448143482208252,-7.349281787872314,-4.834463119506836,-3.382222414016724,-2.969916820526123,2.3500077724456787,-3.0533926486968994,Copy of lecture_18.wav,699,2
0.1684705882352941,1.02,151.4,183.168795973674,270.2947065824829,77.66791543695692,372.5588504036902,278.7883336231537,0.0954210758209228,0.0585174858570098,0.2971912920475006,1275.748163778551,1459.9220021106316,2633.682407209897,0.0069731781259179,0.069382495033863,-212.37632751464844,113.70710754394533,-7.012595176696777,38.95801544189453,2.7656397819519043,1.8763004541397093,-0.6421781182289124,-16.712648391723633,-10.873677253723145,-7.44689130783081,-8.966665267944336,-3.4485182762146,-10.31533432006836,Copy of lecture_09.wav,757,2
0.2098492462311558,1.4684453733939742,146.54937244022275,218.7224669603524,186.5097540450905,70.65064184536847,770.9649536969483,170.6259238017108,0.0543076246976852,0.0476750098168849,0.2195880562067031,1299.1847914947923,1324.5620311038049,2468.1329324085004,0.0431895926594734,0.1007570953549291,-309.8016967773437,123.79757690429688,2.0066468715667725,19.17683219909668,-0.3153344094753265,-15.158955574035645,-5.602740287780762,-9.697855949401855,-4.467380046844482,-0.7101382613182068,-4.70871114730835,-1.2675343751907349,-3.1543614864349365,Copy of lecture_25.wav,662,2
0.1372631578947368,0.38,154.0,162.67605633802816,234.88292256275383,75.25054500396472,525.3255098981662,227.75828324510303,0.1591654121875763,0.0713164359331131,0.3548586368560791,2017.2126736757373,1627.032966345113,3725.740087723976,0.0196630097925663,0.1553538976675821,-142.13803100585938,67.4412841796875,16.175748825073242,64.708984375,-11.513081550598145,8.343461990356445,-11.09816551208496,-13.480348587036133,-4.388826370239258,-4.879848003387451,-9.578764915466309,-2.823643445968628,-4.596296310424805,Copy of lecture_28.wav,770,1
0.201405750798722,1.1316613910034727,173.7624487272425,252.37355066375395,325.7947425392772,98.7440622732868,535.6513216467844,331.5370699244067,0.0520055778324604,0.0384917631745338,0.2900041043758392,1849.3075859754908,1764.6864079015031,3657.998864819528,0.0546021535992622,0.096395892381999,-270.64996337890625,88.39063262939453,16.880746841430664,20.03035354614257,-7.601510047912598,0.2784389853477478,-6.874049186706543,-1.3883293867111206,-9.66660976409912,-7.311606407165527,-4.524501800537109,-5.153864860534668,-1.4348841905593872,Copy of lecture_20.wav,801,2
0.2777731958762887,0.6466666666666666,150.2,183.63654147104853,176.00485339940693,53.907548664374296,359.6055934017824,161.9823763910578,0.1139760836958885,0.0699354410171508,0.3083357512950897,1736.2037716910013,1619.9935772750523,3279.679334204352,0.1047485768795013,0.1202149895677794,-207.4021453857422,78.48262786865234,11.960956573486328,6.3658528327941895,11.787275314331056,5.1839213371276855,-20.96869468688965,1.0795682668685913,-16.934865951538086,-7.6732497215271,-3.07291316986084,-11.497588157653809,-5.8382649421691895,Copy of lecture_16.wav,751,2
0.084,0.6970083096459415,210.14800535825137,224.1969066032124,186.6454320992144,46.72345706052074,259.92087092082244,174.61411571650194,0.2362819015979766,0.1032234579324722,0.5270223617553711,2070.757331129161,1759.419092225574,3814.4596571906354,0.0424333475530147,0.1745853147644927,-84.83625030517578,75.46517181396484,10.218707084655762,33.68701934814453,15.92023754119873,-0.3869825601577759,-9.313854217529297,-13.063485145568848,-2.826875686645508,-5.053637027740479,-11.88852882385254,-4.364186763763428,-11.163291931152344,Copy of lecture_22.wav,201,2
0.2371873198847262,1.1566666666666667,182.8,252.1332941003384,181.4442163621387,63.0317386576481,531.4294982995051,167.69467255813382,0.0561727508902549,0.0402650833129882,0.2366273403167724,1295.2862200210825,1383.197505833287,2430.787382679181,0.0176007337868213,0.090986128146331,-287.6041564941406,108.11554718017578,12.933460235595703,22.18183898925781,13.87291145324707,-0.2537777125835418,-27.54363822937012,-9.572590827941896,-9.165624618530272,-11.93568515777588,-8.973282814025879,-7.244784832000732,-7.687166690826416,Copy of lecture_15.wav,914,2
